homeID,userID,date,comment,cleanliness,accuracy,communication,location,checkin,value
192,63, September 2019,Qui eum eaque vel. Eum adipisci modi enim voluptatem excepturi. Soluta sint voluptates perspiciatis autem quia.,4.5,4.0,4.9,3.2,4.0,4.8
103,23,March 2020,Vitae autem voluptatem consequatur qui qui voluptatem harum dolores. At quidem quia.,4.5,3.4,3.8,3.8,3.8,3.1
84,40,June 2020,Cupiditate corporis id quisquam omnis est laborum necessitatibus aperiam. Quisquam ratione quis veniam dignissimos debitis laudantium.,3.3,4.1,4.6,3.3,4.7,4.7
162,176,July 2019,Accusamus aliquid minus. Cum ullam voluptatum sunt vitae consequatur.,3.8,4.1,4.8,3.9,4.6,4.7
170,148,February 2020,In molestiae a est quia earum iste. Sit libero rerum aut labore recusandae facilis corrupti ut distinctio.,3.3,4.4,4.1,3.2,4.6,4.4
77,2,November 2019,Libero quia enim ipsa suscipit vel. In quasi qui. Sit eaque qui aperiam nihil qui velit totam. Sunt eligendi vero eius libero voluptate qui et. In maxime sapiente nobis ad eos enim qui eius.,3.9,5.0,3.6,3.7,4.2,4.9
111,29,March 2020,Asperiores illo doloribus esse totam velit. A nesciunt quia. Enim neque est eos.,3.1,3.5,4.3,4.4,4.0,3.7
44,162,November 2019,Eveniet eveniet explicabo. Non hic illo reprehenderit nisi labore at. Esse aut et et saepe quia ut.,3.5,3.3,4.9,4.2,4.8,3.3
24,42,December 2019,Quo ut molestiae quia asperiores quos. Tenetur est facilis officia omnis. Dolorum fugit numquam. Nostrum totam deleniti quam modi recusandae sit consequatur. Ipsum et repellat repellendus ut aut. A quo voluptas reiciendis cum sunt.,4.1,4.2,3.4,4.5,4.7,4.2
21,64,December 2019,Aut omnis adipisci animi reprehenderit officiis assumenda tempora quos. Aut cumque ducimus impedit voluptatibus maxime earum blanditiis. Saepe necessitatibus molestias corrupti voluptatibus sint at sunt quo. Ut sint beatae voluptatem. Et quis deleniti cumque quo. Ipsum odit autem quis praesentium.,3.3,4.0,4.0,3.3,3.2,4.7
155,153, September 2019,Alias nihil voluptas reprehenderit et possimus. Architecto unde enim deleniti nisi qui inventore. Impedit et error pariatur in sed nostrum. Quisquam vel quam dolores labore rerum facere nemo velit. Dolor deleniti rem et eligendi.,4.4,3.6,4.9,4.4,3.3,3.3
166,102, September 2019,Dicta harum et quo debitis expedita aut et. Praesentium commodi voluptates.,4.6,3.4,4.3,4.3,3.1,3.4
187,63,June 2020,Amet odio quia expedita at odit hic odit consequatur. Assumenda eos doloremque molestias et voluptas. Eaque quisquam voluptatem voluptatem tempore voluptas quidem quia. Porro ut asperiores in. Consequatur laudantium possimus autem quibusdam aut et. Unde aut enim et quaerat molestiae sit placeat.,5.0,4.4,4.3,3.5,4.0,3.4
97,43,December 2019,Et alias possimus officia odio culpa eos modi ea omnis. Sint dolores culpa in cum. Possimus qui ut voluptatem et ea nihil. Vel iste porro est necessitatibus voluptatem dolorem voluptatem. Ducimus inventore nesciunt. Et rem omnis quisquam deleniti.,3.3,4.2,3.0,3.9,4.2,3.7
57,186, September 2019,Est dolores et aliquam vel. Delectus maxime accusamus totam veniam occaecati ut est ut. Accusamus nesciunt rerum voluptatem dolores rerum. Qui similique aut tenetur dolores non magni. Necessitatibus autem occaecati autem ut. Non in adipisci illo rerum fugit aliquam ipsam.,3.7,3.8,3.1,3.6,3.5,4.3
108,164,February 2020,Harum dolorem quis sit. Dolorem et sint. Rem id suscipit alias quis iusto sit incidunt quos.,4.3,4.0,3.1,3.1,3.1,3.2
123,165,December 2019,Sapiente non modi qui molestiae. Vel sapiente et.,3.8,3.2,3.3,3.3,4.3,4.5
110,97,October 2019,Ea voluptatem distinctio vel. Dicta sapiente aspernatur voluptatem dolorum est consequatur animi.,4.9,4.9,3.7,3.8,4.4,3.5
45,132,July 2019,Suscipit accusantium vero magni voluptates in explicabo tenetur. Maiores voluptate ut.,3.5,4.9,3.1,3.9,4.3,3.3
61,17,December 2019,Et molestiae temporibus quos praesentium facilis deleniti voluptatum. Eius qui voluptas ut id nobis ea sunt quis voluptas. Natus dolorem quia. Perspiciatis porro optio ut facilis voluptatum ut molestiae animi.,3.5,4.9,3.7,4.7,5.0,4.2
37,139,April 2020,Sunt rerum unde nihil consectetur maiores beatae. Consequatur minus quaerat adipisci voluptatem aspernatur laborum iste voluptas. Nemo quos laboriosam placeat ut. Quisquam cum iure non id neque molestiae et est quis. Asperiores inventore deserunt consequatur sunt. Ut quod magni labore reiciendis.,3.4,3.5,4.1,4.6,3.0,4.2
76,13,October 2019,Molestiae eaque amet sapiente libero quisquam ut quod. Voluptatem iusto a. Minima dolores distinctio temporibus non inventore quidem aliquam blanditiis.,4.5,5.0,3.5,4.8,4.8,3.7
183,147,March 2020,Velit architecto quaerat ut autem laboriosam voluptatem et. Ut ab voluptates repudiandae ut enim. Nisi est nemo.,4.3,4.5,4.8,3.7,3.5,4.9
134,61,October 2019,Reprehenderit aut dolore soluta dolores nihil enim et blanditiis. Totam neque in aperiam quas at. Dolor dignissimos rerum earum.,4.2,4.3,4.2,3.4,3.2,3.2
39,61,April 2020,Facere corporis dolores esse dolorem necessitatibus. Aut perspiciatis et distinctio ullam rerum voluptatem. Ut et error veritatis neque. Asperiores velit voluptatibus error tenetur quis consequatur vel.,4.6,3.6,4.3,3.6,3.0,4.4
9,155,February 2020,Suscipit iste eos sunt officia omnis et est illo ea. Ab ut fuga non ipsam. Aut provident qui possimus iure. Vero voluptatem sunt animi natus.,4.0,3.4,3.8,4.4,5.0,3.5
86,66,May 2020,Dolores eveniet voluptas repellendus voluptas eos expedita quo. Nobis alias optio non culpa veniam est doloribus ut.,4.9,3.4,4.3,3.9,5.0,3.2
185,117,October 2019,Aut consequatur delectus laboriosam voluptatem quia. Qui cumque natus quis incidunt voluptatibus perferendis consequuntur natus. At sint officiis aliquid aut et inventore dolorem. Aut est minima et. Sint labore eveniet velit molestiae.,3.3,4.5,4.5,4.1,3.1,3.1
183,24,March 2020,Assumenda sed voluptatem veniam ut dolorem iusto incidunt consequuntur. Harum natus eius qui rerum error reiciendis enim modi dignissimos. Libero vel sint enim enim possimus sequi quia non consequatur. Qui eos assumenda amet qui nemo voluptas. Voluptas voluptas at placeat aut amet.,4.0,4.6,3.3,3.8,4.5,4.4
89,186,May 2020,Quisquam quas quam autem itaque deserunt. Animi iste tempora voluptates dolores id cupiditate debitis numquam.,5.0,4.0,3.4,4.2,3.6,4.5
122,73,November 2019,Ea doloribus nulla. Eius laborum laboriosam quis placeat est et incidunt temporibus. Aperiam quia id in consequatur sint omnis qui illo. Dolorum consequatur eos pariatur excepturi rerum et mollitia in. Voluptatem et consectetur dolore porro voluptate qui consequatur sint.,4.7,4.4,4.4,3.4,3.2,4.5
123,64,June 2020,Mollitia saepe nemo mollitia. Unde et est ut ratione quam sit maxime aperiam odio.,3.4,4.5,3.3,3.5,3.1,4.0
178,41,April 2020,At quia dolores. Voluptas vel enim possimus ipsum est.,3.2,3.7,3.4,3.8,4.5,3.1
106,30,August 2019,Quia assumenda nihil dolorum dolorem sed veritatis voluptas error. Laudantium qui rerum repellat qui. Ab magni alias distinctio aut corporis vel aut tempora. Optio architecto voluptatem consequatur dolor nesciunt. At corrupti quasi nesciunt alias voluptas consequatur. Voluptatem iste qui consequatur.,3.5,3.0,4.4,4.9,4.5,4.0
81,63, September 2019,Et assumenda ut vero. Dolores et rerum et. Atque dolores sequi est repellat deleniti delectus facilis.,4.2,4.0,3.4,3.5,3.7,3.3
179,151,June 2020,Dolorum harum sit nisi non quidem illum placeat molestias veniam. Dignissimos nihil est qui corporis adipisci aut voluptatem quaerat. Sapiente sint illum nesciunt aliquam. Odit ipsa non rerum provident minima voluptas deleniti dolore fuga. Accusamus voluptate dolor. Voluptatem sunt vero vel quia minus quibusdam excepturi harum.,4.4,4.1,4.0,3.1,4.5,4.9
15,87,July 2019,Quibusdam odio eius. Nostrum consequuntur aut qui sit voluptatem. Magnam consequatur eos rerum corrupti quam beatae. Neque animi voluptatem earum non quod.,3.0,4.5,3.4,3.2,3.4,3.3
161,16,October 2019,Et sunt reprehenderit velit aut qui rem fugit est. Et quod debitis hic quod dolores deleniti neque. Quos vel nihil molestiae vero ut dolorem voluptatem culpa veritatis. Dolores perspiciatis similique doloremque recusandae voluptatibus velit aut. Soluta repudiandae autem sapiente perspiciatis nam eos. Dolorem cumque deserunt officiis doloremque velit voluptatum.,4.3,3.2,4.7,3.3,4.0,4.2
50,23,May 2020,Ea animi voluptatem. Deserunt enim qui molestiae atque harum eum ratione voluptatum. Ad sapiente quam sequi neque incidunt cupiditate aperiam expedita. Cum ducimus hic et. Eveniet omnis ipsam deleniti minima a at veniam voluptatibus. Et ut maiores.,3.6,4.0,3.7,4.2,3.9,3.3
41,188,November 2019,Magnam consequatur minus earum facilis molestiae aliquid non et. Aliquam distinctio odit ut.,3.7,3.5,3.4,4.2,4.5,3.9
68,142,November 2019,Minus et adipisci ut odit ut in hic illum quibusdam. Doloremque rem sapiente quo ut dolorem amet suscipit.,4.5,3.1,3.0,3.8,3.7,4.0
156,90,July 2019,Ut soluta enim quae nemo qui magnam et possimus expedita. Quos sed est voluptatem pariatur. Repudiandae ratione numquam. Accusantium ut at et vel vel est tenetur omnis.,3.1,4.5,3.5,4.9,3.5,4.1
104,64,December 2019,Perferendis assumenda harum nesciunt recusandae eum. Delectus tenetur qui. Sed neque qui consequatur velit et sit eum voluptatum. Deleniti voluptatibus totam omnis tenetur occaecati quia blanditiis rerum. Consectetur hic soluta ea deleniti et laborum aspernatur quam. Accusamus hic et dolore a omnis.,3.7,3.8,3.9,4.5,4.1,4.0
50,2,May 2020,Eaque est voluptatem eos voluptatem. Non ratione possimus.,3.0,3.4,4.9,4.9,4.9,4.6
128,159,November 2019,Autem consequuntur illum accusantium et ut blanditiis rerum fuga repudiandae. Ut consequatur vitae vel tempora. Consequatur nostrum harum molestiae. Quam animi porro et eligendi nisi soluta.,4.3,4.7,3.4,4.7,4.8,4.2
73,118,October 2019,Sed ex magni commodi tenetur sapiente voluptatum. Aut aut ea repellendus illo. Reiciendis dolor beatae incidunt voluptatem exercitationem doloremque veritatis odio voluptatem. Illum et vitae in ipsam.,4.7,4.1,4.1,3.8,3.3,3.4
187,51,June 2020,Qui exercitationem ut consequatur quaerat sit dolorem. Natus dolorem asperiores. Nulla rem aliquid. Et deleniti rerum itaque minima expedita corrupti autem. Est quia qui eligendi modi. Ratione doloribus aspernatur quis aut ipsa ea nisi est.,4.4,3.7,4.6,3.7,3.5,4.4
35,44,October 2019,Laboriosam recusandae quisquam. Quo nemo est et consectetur recusandae consequatur iste.,4.5,5.0,4.0,3.9,4.6,4.9
153,50,July 2019,Ut rerum expedita perspiciatis soluta minus corrupti quisquam. Ut laudantium blanditiis officia nam. Maiores et earum consequuntur et impedit hic praesentium. Veniam rerum et dolorem. In distinctio mollitia dignissimos earum incidunt sunt voluptas aspernatur. Quas illum nostrum ad consequatur voluptatem.,3.3,3.3,4.2,4.5,3.7,3.9
67,24,October 2019,Consequuntur neque enim id consequatur atque dolorum atque. Animi similique ducimus repudiandae quidem harum. Corporis repellat laborum mollitia similique rem amet minus non.,3.8,4.5,3.2,3.1,4.8,3.2
35,168,October 2019,Voluptatem enim voluptas sunt enim. Ab iusto delectus at qui accusamus recusandae perferendis saepe. Et in sapiente sint consequuntur. Excepturi aut doloribus eos saepe asperiores quas et. Possimus fugit suscipit quis sapiente ex.,3.9,3.6,3.9,3.2,3.9,4.7
64,128,June 2020,Sit qui a sit. Eos est quia animi et optio. Ipsum consequatur deserunt excepturi harum et possimus est voluptatem quis.,3.1,4.6,4.9,3.0,5.0,4.8
135,57,August 2019,Doloremque consequatur nisi maiores atque repellendus et omnis et facilis. Quam est sunt quas aut ullam. Id magni libero eaque. Numquam cupiditate laboriosam repellat totam quo in eius sed magni. Consequatur repellat autem.,4.0,3.5,3.5,4.8,4.3,3.2
183,150,March 2020,Ullam laborum excepturi nam. Et quas et.,4.2,3.5,3.3,4.2,4.1,3.1
155,189,August 2019,Numquam occaecati fugit repellat fugiat occaecati mollitia eum. Dolores quas beatae eveniet vel pariatur quisquam voluptate non. Rerum et illo fugit placeat nemo dolores id iste dolorum. Sunt facilis quasi perspiciatis pariatur.,3.1,4.9,4.3,3.8,3.3,3.7
96,6,April 2020,Ullam aperiam tempora voluptas corrupti non et itaque optio omnis. Illo a eum voluptatibus perferendis in dignissimos consequatur. Molestias in facilis accusamus. Omnis occaecati voluptatem neque in quo quos. Culpa quos ut enim nulla molestias.,4.5,3.6,4.0,3.0,4.3,3.8
32,34,October 2019,Vel et et ut ipsum nostrum rem tenetur. Assumenda et tempora.,4.3,3.1,3.1,4.2,4.6,3.1
78,95, September 2019,Eveniet soluta consequatur eveniet nemo aut dolores laborum iusto. Expedita sint odit deleniti repudiandae assumenda doloribus explicabo asperiores. Reiciendis velit quo voluptatem odio. Voluptas dolores esse hic praesentium dolorem.,3.6,5.0,3.3,5.0,3.4,4.4
65,160,December 2019,Expedita cumque quaerat soluta ipsa. Suscipit accusamus sequi voluptates. Voluptas voluptatem esse consequatur laborum iusto reiciendis dolorum. Nobis eveniet repellat earum error a perspiciatis nisi. Voluptas nobis quasi officiis facilis maxime nihil vitae est a.,3.8,3.8,3.5,4.9,3.9,4.8
76,63,June 2020,Saepe earum delectus earum in. Repellendus recusandae eaque.,4.6,4.4,4.3,3.0,5.0,3.2
197,137,June 2020,Libero nihil facere molestias voluptatem. Molestiae totam ut aut voluptas at cum reiciendis eaque. Dolorem neque maiores est voluptatem quam vel in. Impedit dolor sequi. Possimus corrupti accusantium ea blanditiis labore voluptatem in.,4.0,4.2,4.9,3.7,4.8,4.6
90,175,March 2020,Nostrum magnam cum distinctio dolores officia officiis voluptatem architecto. Amet eveniet possimus reprehenderit omnis autem eos minima reprehenderit labore. Velit voluptatem provident sed quo aut. Temporibus ut rerum reprehenderit consectetur. Sequi debitis et ut perspiciatis atque inventore minima sint voluptate. Minus reprehenderit quia.,3.0,4.1,3.8,4.7,4.6,4.2
138,72,August 2019,Omnis voluptatem doloremque nihil nihil sed quis non nihil nam. Velit omnis et repudiandae labore.,5.0,3.1,3.2,3.0,3.7,4.3
98,10,August 2019,Voluptas dolorem porro fugit aspernatur praesentium. Dignissimos incidunt omnis eum ipsa aut dolores repudiandae harum vel. Blanditiis quia fugiat voluptatem voluptatem. Velit est est exercitationem non facere. Et inventore enim tenetur aliquid rerum. Nihil optio aut omnis et est officia.,4.6,3.2,3.8,3.2,3.0,4.6
69,3,December 2019,Cum non vel odio rerum perferendis necessitatibus ut aut. Maxime voluptatem consequatur et hic expedita exercitationem. Cum doloremque facere deleniti placeat atque. Repellat asperiores excepturi modi perferendis rerum quia.,4.8,3.3,4.3,3.7,4.2,4.2
92,132,November 2019,Aut ducimus cumque voluptas sunt perspiciatis excepturi et odit. Culpa exercitationem dolor minima itaque. Laborum laboriosam qui quasi nisi ea. Nulla debitis impedit cumque id natus quo voluptas. Quidem minus nisi enim aut laboriosam dolorum.,4.4,3.5,3.9,3.4,4.5,4.9
39,185,May 2020,Vitae architecto ullam quam aut. Laboriosam consequatur possimus voluptatibus. Voluptatem cumque quia ea nihil. Error corporis esse eius quod pariatur. Illo neque itaque consequatur voluptates quia officiis. Quas ex laboriosam ut et iusto fugit est.,4.3,3.6,3.8,3.1,4.1,4.9
80,174,February 2020,Aspernatur non qui quidem quo optio ut saepe adipisci at. Voluptatem magni facere eum. Neque officiis occaecati in vel accusamus ipsum quis.,4.3,4.0,3.2,4.3,3.7,4.6
55,187,July 2019,Quod ipsa ipsum quidem aut reiciendis facilis est sed. Consequatur est accusamus nulla non ipsam.,3.2,4.7,3.2,3.4,3.0,4.1
45,189,April 2020,Laboriosam est veritatis. Est eligendi tempora nobis velit dicta vitae asperiores excepturi. Assumenda vel voluptatem est amet voluptatem temporibus ut et unde. Voluptate quo eaque dolorem hic. Ducimus aliquam minima incidunt veritatis dolor incidunt et distinctio libero. Est soluta et.,3.1,4.5,3.3,4.8,3.3,3.8
43,37,March 2020,Reprehenderit quia laudantium incidunt deleniti aut officiis. Corporis maiores eos vero tenetur ipsum eius fuga sed. Reiciendis ratione deserunt consectetur quis velit ad et est. Sit et et consectetur eos harum voluptates.,4.4,3.7,3.5,3.5,3.3,3.1
165,184,November 2019,Dolorem similique nihil nam ea aliquid. Sit qui quia. Similique et eligendi non ut iste enim aliquam voluptas.,4.9,3.9,3.1,4.5,3.4,4.4
142,24,April 2020,Eum accusantium ea asperiores voluptas qui. Aperiam vel soluta voluptatem voluptas totam commodi vero reiciendis. Quibusdam est officia culpa unde aliquid.,4.3,4.6,4.3,4.9,4.4,4.8
174,136,October 2019,Illo velit in. Voluptas sint et repellendus aut perspiciatis. Consequatur iure rem veniam aut soluta fuga dolores adipisci qui.,4.1,3.6,3.5,3.8,4.3,4.6
27,162,April 2020,Perspiciatis quia sequi modi ut voluptatum. Ea nesciunt fugit sunt ut illo voluptas laboriosam consequatur reprehenderit. Dicta maiores numquam consequatur.,4.5,3.2,3.3,3.9,4.4,4.8
180,67,June 2020,Pariatur earum et quod. In et dolore atque facere maiores eos beatae. Delectus at aliquid sed delectus sequi quis quos. Ullam et reprehenderit velit laboriosam. Ipsam eum quasi dolores incidunt nemo.,4.9,4.3,3.1,4.2,3.1,4.9
118,199,October 2019,Aut laborum explicabo adipisci dolorum aut vero mollitia exercitationem laborum. Laboriosam est iure numquam est. Voluptatem dolor voluptas vitae aut dignissimos perspiciatis et consectetur. Aliquam et unde aut ut quidem repellat consequatur hic recusandae. Consequatur et esse est velit quibusdam ut possimus sapiente. Libero pariatur sequi ea illum et vel non est ut.,3.7,3.8,4.1,3.1,4.9,4.6
65,23,December 2019,In fugiat rerum rerum id aut quidem rerum. Qui vitae veniam ut dolorum omnis at unde quas consequatur.,4.9,4.6,3.8,3.0,4.5,3.3
124,190,July 2019,Aliquam et eos numquam quos dolore odit fuga. Quaerat odit sint optio quis ut pariatur vitae accusantium veritatis. Eos ex dolore ipsa. Dolor dolores qui qui aliquam ut.,4.7,5.0,5.0,4.3,3.6,3.7
129,42,November 2019,Ut magni exercitationem. Et dolor ad officiis. Id deserunt voluptate dolore deserunt.,4.7,4.1,4.6,4.4,4.4,3.2
3,109,April 2020,Quam ipsum illum quas consequatur recusandae magni corporis et voluptatem. Labore est quas est labore odio. Est ullam natus ut sequi assumenda. Aut eius temporibus perspiciatis consectetur quis repellendus quia ea. Rerum quo voluptas officiis quos.,4.2,4.5,3.0,3.8,4.5,4.7
102,169,July 2019,Animi ut error consequatur voluptatem quis illo. Quam eveniet amet.,4.4,4.8,4.8,3.8,4.6,4.0
70,105,August 2019,Numquam quia sit dolores possimus nobis necessitatibus eligendi dolor cumque. Earum nulla ut in est ut velit.,4.3,4.9,3.8,4.7,3.3,3.7
66,148,March 2020,Eum neque consequatur quod voluptatem harum aspernatur animi. Vel quo perspiciatis modi perferendis. Modi reprehenderit modi neque reiciendis fugit et iure. Laudantium voluptatem ut animi. Quia consequatur esse. Et quo nobis aut et quasi.,4.2,4.0,4.3,3.0,3.0,3.2
109,118,August 2019,Adipisci velit culpa fugiat blanditiis omnis quo veritatis. Soluta aut quo et natus veritatis. Autem rerum molestias. Nobis eveniet mollitia.,4.1,3.4,4.7,3.2,4.2,3.6
152,113,February 2020,Quas ut sit tempore. Similique libero dolorem. Temporibus eos dolorem et beatae autem soluta excepturi ut ut. Aliquid in distinctio ullam nobis alias molestiae rerum. Id facere rerum reprehenderit necessitatibus velit quo. Vero necessitatibus porro et repellat quibusdam omnis.,4.5,4.4,4.0,5.0,3.5,4.3
98,110,August 2019,Tenetur qui veniam perferendis. Dignissimos reprehenderit rerum et incidunt quia est illum sit. Et iusto itaque.,3.9,3.6,4.9,3.8,4.5,5.0
171,171,February 2020,Dolorem ea quas nemo voluptatem eos consequatur. Quidem omnis recusandae magnam soluta quis ratione aliquid natus omnis. Laborum aut earum consectetur enim qui vel error incidunt et.,4.7,3.5,4.2,3.7,3.9,3.4
123,159,November 2019,Tempore quibusdam voluptas repellat voluptatum error qui quia. Quis minus sunt voluptas.,3.9,3.3,4.9,4.7,3.1,4.4
6,165,April 2020,Provident omnis id nisi incidunt minus sit magnam. Nulla quia occaecati. Suscipit itaque natus cumque nam. Modi eum qui.,4.0,3.1,3.7,4.5,3.7,3.1
64,4,April 2020,Ad molestias dolorem quod vel quo. Mollitia recusandae magni consequatur ut. Cum maxime officia enim perspiciatis et vel eaque.,3.2,4.0,3.6,5.0,5.0,4.8
18,60,August 2019,Ratione et et nihil tenetur ut. Temporibus voluptates et maiores omnis quod et. Assumenda nisi aspernatur voluptatum beatae in dolor. Facere sequi quos sit alias molestiae aut. Aspernatur minus et dignissimos ut. Possimus qui error natus quia illo nesciunt distinctio praesentium blanditiis.,3.3,4.8,4.3,4.8,3.4,4.1
76,56,April 2020,Cum est dolorem excepturi ut nesciunt et. Ut quod quis. Excepturi aut doloremque sint blanditiis laudantium. Autem et corrupti magnam et sapiente non nostrum assumenda quae. Vero quibusdam odio rerum dignissimos.,4.9,3.8,4.2,3.3,4.6,3.1
112,58,March 2020,Excepturi vel est animi sunt nemo assumenda id culpa. Modi natus aut fuga laboriosam eius repellendus velit.,4.0,3.9,4.0,3.2,4.5,3.7
178,186,June 2020,Porro enim minima non inventore porro enim nobis nostrum nobis. Non itaque ullam earum aut est. Voluptatibus impedit voluptas accusamus cum. Nulla consequatur et modi labore quaerat. Dignissimos aliquam rerum magni facere. Perspiciatis sint impedit autem adipisci.,4.8,3.8,3.4,4.4,4.1,3.8
184,33,February 2020,Molestiae autem est voluptas ab itaque doloribus. Itaque dolorem amet voluptatibus autem repudiandae atque distinctio.,3.3,3.7,4.3,4.5,4.1,3.6
177,54,February 2020,Animi quam aperiam ut adipisci et quidem. Aut necessitatibus occaecati autem inventore blanditiis.,3.6,4.4,4.5,4.6,4.7,4.5
199,141,November 2019,Maiores modi qui quis eius aut magni. In cupiditate rerum dignissimos ipsum eum qui et. Voluptatem tempora et assumenda unde. Eum est at aut dolores neque veritatis. Id impedit est quod libero.,3.6,3.6,4.8,4.3,3.6,4.1
189,67,July 2019,Voluptatem autem suscipit enim voluptatum libero quos. Ipsam voluptatum provident dolorem ut ducimus.,3.1,3.4,3.9,3.1,4.1,3.7
158,47,August 2019,In ea dolor aperiam. Vero ratione nobis saepe. Soluta id et accusantium velit. Ut corrupti nemo et omnis ducimus et. Ut possimus ex natus. Vel neque consequuntur qui voluptatem.,4.0,3.5,3.6,4.8,3.6,3.3
84,100,March 2020,Velit in labore autem voluptas vel. Minima quis aut laudantium fugiat voluptas perferendis. Quisquam veritatis ad veritatis sed nulla est blanditiis ut. Vel nostrum voluptatem dolores nisi. Est qui deleniti vel et quas. Ut veniam temporibus velit ab.,3.5,3.3,3.3,3.5,3.4,4.9
35,199,October 2019,Nemo aut amet dolore et quae. Alias dolorum qui enim nostrum aut.,4.5,4.4,4.7,4.7,3.2,4.4
144,130,June 2020,Deleniti totam quod commodi non voluptatem voluptatem. Est est quidem fuga. Ut et vitae maiores qui similique. Amet dicta iusto error neque ut. Doloribus et ut maiores dolor eum.,4.7,3.3,4.1,4.0,3.7,4.5
114,73,June 2020,Harum animi sit sit voluptas. Voluptatum tempore non id.,4.8,3.9,5.0,4.1,3.9,3.4
160,5,March 2020,Consectetur est et. Vel voluptas mollitia qui rerum mollitia et rerum similique. Dolor quia mollitia dolorem.,3.6,3.6,3.0,3.5,4.8,4.7
162,117,March 2020,Rerum maiores quis quia natus molestiae nobis inventore. Est consequatur voluptas enim. Pariatur placeat dolorem adipisci sit non. Dolorem sint iure adipisci alias vitae id autem temporibus magnam.,4.6,3.8,4.4,3.8,4.8,4.0
34,118,April 2020,Fugit neque corporis non et porro minus dolorem vero sint. Quo vel quisquam blanditiis fugit.,4.8,4.1,4.1,4.3,3.8,3.7
146,101,August 2019,Natus voluptas odit nesciunt ad doloremque nihil vitae nulla molestiae. Consequuntur fugiat quia commodi rerum.,3.2,4.3,3.3,4.2,4.5,3.3
41,120,June 2020,Incidunt sit voluptatem quia voluptatem rem veritatis. Non dolor libero dolor at.,4.6,3.9,4.4,3.6,4.9,4.4
93,181,November 2019,Ut rerum recusandae rerum reprehenderit aut dolor id. Distinctio ut esse qui placeat magnam esse autem incidunt incidunt. Ad consequatur quia dolorem necessitatibus eos. Mollitia culpa tempora. Minus voluptatem vero nulla ea. Earum qui eius assumenda culpa ea iste.,4.6,4.6,4.0,4.5,3.4,3.7
92,47,November 2019,Et expedita natus eaque aut sit. Possimus et ducimus ipsam aut delectus omnis est. Repellat sit et et voluptatem maiores tempora est.,3.4,3.9,3.1,4.9,3.0,4.1
107,119,November 2019,Et porro sed et. Aut cum aut ut. Nulla sint quia sit ut. Soluta sit aut voluptatem fugiat quia maiores sit maxime doloremque.,3.3,4.9,3.2,4.7,3.2,4.4
52,24,October 2019,Doloremque sint dolorem numquam cupiditate nisi voluptates non eum. Explicabo explicabo est vero officia qui ducimus suscipit. Est velit culpa quidem. Fugit consectetur qui ipsum neque dolor ratione similique eos sed.,3.8,3.5,3.1,4.3,3.3,4.9
39,154,May 2020,Eos consequatur et mollitia eos ea dicta alias qui. Laudantium qui fugiat voluptas rem unde vitae. Temporibus voluptatem dicta. Et consequuntur quos quidem exercitationem repellendus fugiat quibusdam nihil exercitationem.,4.7,4.2,4.5,4.0,3.9,3.3
147,22,February 2020,Ea deserunt animi nobis quia qui recusandae debitis quae. Reiciendis cum aut voluptate perferendis deserunt enim incidunt quibusdam. Nobis numquam voluptatem quia quia nihil facilis quo aliquam. Dignissimos et odio sit. Est est officia rerum modi ad dolores quae aperiam. Odio voluptas quia facere vel eaque.,3.8,4.2,3.7,3.5,3.7,3.5
64,1,July 2019,Qui earum suscipit quidem. Et reprehenderit ut neque officiis libero dolorum. Fugiat recusandae quidem qui repudiandae vel sed laborum autem officia.,4.7,3.5,4.9,3.8,3.2,4.3
23,51,June 2020,Consequuntur temporibus non. Sunt a ratione quibusdam ipsum. Hic assumenda itaque similique non incidunt consectetur.,4.9,4.0,3.5,3.3,3.4,4.0
91,64,August 2019,Molestiae ab corporis possimus alias aut. Ipsum illo molestiae vitae consequatur. Consectetur incidunt quis cumque quis dignissimos iure ab nemo consequatur. Dolores reprehenderit sed nihil. Facilis culpa perspiciatis et totam sint veniam et.,3.9,4.6,4.5,3.2,3.7,3.3
94,93,December 2019,Eos et repudiandae veritatis voluptas. Ut ipsum numquam nemo cumque.,3.5,4.2,4.0,4.5,4.6,4.5
97,181,October 2019,Vero fugit a. Velit nihil fugiat quia. In quam nobis accusantium quibusdam. Voluptates quis adipisci aut rem nulla. Enim sit corrupti error.,3.3,3.1,3.5,4.4,3.1,3.1
131,70,May 2020,Laudantium enim voluptatem et quod rerum aut eligendi illum. Harum quo molestiae aut nulla quia natus ab nulla temporibus. Dolorem itaque in fugit necessitatibus exercitationem et eligendi.,3.6,4.9,4.4,3.5,3.3,4.7
153,13,February 2020,Et corrupti quibusdam temporibus. Ut eveniet praesentium unde ea eos aspernatur et voluptates eveniet. Amet pariatur aut recusandae eum ut sed esse. Delectus ipsa a sapiente.,4.1,3.3,3.2,5.0,3.5,3.6
25,187,October 2019,Explicabo vel blanditiis a earum odit perspiciatis ut. Dicta expedita est ab similique minima excepturi quam rerum. Impedit optio adipisci quos ea sed. Dolorem et iure. Quae omnis labore nihil placeat quo facilis et et. Sed molestias expedita assumenda quibusdam.,4.3,4.1,3.7,4.0,4.8,4.3
73,34,July 2019,Minus accusantium vitae repellendus quidem animi id aliquid reiciendis. Minima dolorum dicta repellat ex hic.,4.2,4.8,3.1,3.9,4.4,3.9
91,125,November 2019,Debitis numquam necessitatibus qui ducimus quo et dolor doloremque. Ad ut in recusandae nemo. Fugit totam adipisci et natus quisquam necessitatibus. Dolores nostrum nesciunt eius illum dignissimos voluptatem quaerat est.,3.7,3.9,3.2,4.1,4.8,4.3
73,177,April 2020,In impedit quod vero nostrum. Assumenda totam et sint et voluptas quia quas repellat. Nam atque est earum molestias quia dolorem placeat. Et et omnis sit.,4.5,4.0,3.1,4.8,3.9,4.4
83,52,December 2019,Cupiditate corrupti eos nesciunt inventore minus consequatur earum voluptatibus. Et explicabo aliquam modi rerum necessitatibus possimus. Qui quia in rerum fugiat soluta. Vitae voluptates et esse.,3.2,4.6,3.9,3.5,3.6,3.4
187,37,May 2020,Beatae voluptates odio dolorum molestiae expedita provident quaerat. Asperiores provident culpa molestias odit nihil repudiandae qui et occaecati. Rerum ipsa molestias omnis fugit tempora quibusdam itaque explicabo natus.,3.5,4.6,4.1,3.3,3.3,4.8
11,112,November 2019,Voluptatum explicabo provident maiores iste est perferendis fuga. Officiis explicabo optio omnis perferendis minus. Aut eum explicabo animi nobis omnis animi vitae. Nihil molestiae accusamus adipisci molestiae quis aut eos illo itaque. Sed non dolores totam asperiores eum hic repellendus quia doloremque.,3.7,3.7,5.0,4.7,3.4,3.3
59,97,February 2020,Nisi quos veniam. Dicta modi ex dignissimos quisquam commodi.,4.9,4.9,4.6,3.7,4.7,3.5
44,29, September 2019,Id fugit ut sint ut atque aliquam voluptas facere. Rem recusandae voluptates quam pariatur aliquid placeat voluptatibus ut omnis. Corporis ea ut. Doloremque distinctio autem vitae suscipit dolorum et consequatur consequuntur.,4.3,4.2,3.8,4.5,4.8,3.6
16,105,July 2019,Fuga facilis et sed eveniet quo officiis sit est. Consequatur voluptas hic sequi.,3.1,4.1,4.3,4.8,3.6,5.0
52,43,October 2019,Et libero aperiam est amet et nisi. Aut quis veniam ex asperiores vel ut.,3.6,4.6,5.0,4.4,3.3,4.6
19,39,October 2019,Culpa corporis et quis quia recusandae placeat alias sint error. Ut aspernatur deleniti dolore omnis. Voluptas ex debitis. Et molestias iste reprehenderit temporibus ut. Tempora iste aut aliquid corrupti et aut accusantium nam quasi.,3.8,3.7,4.5,4.1,3.3,3.5
5,128,February 2020,Et nam perspiciatis voluptatibus voluptatem repellendus cum vel. Dolorem porro labore. Sit distinctio ea similique. Dolorem ut dolore. Est pariatur magnam qui ratione qui.,3.1,3.3,4.9,4.5,3.9,3.9
7,151,March 2020,Esse est aut corporis accusamus magnam quasi enim qui dolor. Omnis sint non. Id ut ut et totam. Qui numquam saepe magnam quod possimus quod eum recusandae.,4.2,4.5,4.5,3.9,3.1,3.9
117,123,December 2019,Qui pariatur enim quo quos neque nemo aut sit. Nisi possimus sunt beatae quasi omnis sit. Omnis officiis maiores dolores rerum voluptas quae soluta voluptate excepturi. Exercitationem blanditiis necessitatibus dolorem. Maxime repellat nesciunt dicta.,3.4,4.6,4.4,3.7,4.7,3.2
85,148,December 2019,Natus facilis ut. Nesciunt quasi est omnis distinctio. Officia voluptatem est quam et illo dolorum ad. Sunt eius natus ipsum. Cumque eos facere distinctio.,3.7,3.1,3.5,4.7,3.7,3.8
174,148,April 2020,Nisi et fugit quaerat ipsam sit suscipit voluptate eius. Et excepturi ut omnis quos incidunt similique. Ut ratione quaerat qui.,3.9,4.4,3.9,3.9,3.6,4.8
58,18,March 2020,Praesentium ratione sed et. Vel cupiditate aliquid quas eaque. Quidem molestias magnam minus quam occaecati. Ea id magnam et ex et. Placeat et quis in modi eius sit doloribus consequatur. Quibusdam eum illo omnis provident omnis distinctio veritatis.,3.2,3.4,3.2,4.2,3.9,4.6
58,181,October 2019,Quae accusantium quaerat id. Asperiores nihil accusantium quam quam accusantium. Est maxime minima ut.,3.2,3.6,4.6,3.6,4.2,4.5
122,81,July 2019,Neque facere ea totam omnis modi distinctio et. Sed suscipit expedita placeat nemo autem necessitatibus. Voluptatem adipisci iste a animi iusto qui.,4.4,4.3,4.4,4.5,3.3,3.4
188,189,July 2019,Qui voluptatibus aut. Et ipsum voluptatibus fugit quaerat possimus fugiat dolorum. Voluptas excepturi similique corrupti perferendis neque nam blanditiis ut. Impedit nesciunt et occaecati odit temporibus consectetur et. Fugit atque sit eveniet est occaecati magni. Animi beatae veniam.,4.5,4.5,3.7,3.3,4.1,4.0
53,102,August 2019,Deserunt dolores non iste qui harum magnam quos repellendus enim. Aut ut omnis velit in a hic provident et rerum. Qui id quibusdam aut aspernatur. Ea voluptatem non numquam eos quis.,4.9,3.7,4.0,4.6,4.7,4.7
160,125,November 2019,Minus minima vel provident ut ut atque omnis. Tempore aliquam dolor corporis. Animi veritatis explicabo praesentium.,3.8,3.1,3.5,4.5,4.4,4.3
147,30,July 2019,Molestias natus velit. Non porro est libero est natus quam. Qui quaerat qui autem aut ut aperiam omnis autem magnam. Facilis quis autem et aut qui.,4.6,3.2,3.4,3.7,4.9,4.9
60,100,June 2020,Voluptas ratione nulla aperiam quam iste assumenda magnam reprehenderit. Doloremque ipsum ullam laudantium. Quisquam optio reiciendis magni aliquid doloremque a ut. Sint sint molestias. Et unde consectetur aliquid sit. Omnis beatae nam est aut iusto ad qui.,3.9,3.2,3.7,3.6,4.8,4.2
195,146,December 2019,Pariatur velit illo. Ex animi praesentium distinctio est consectetur quisquam velit.,3.4,4.2,3.2,4.3,3.5,5.0
73,38,April 2020,Est veniam dolores. Itaque sunt dignissimos reiciendis at fugit qui. Hic quis vel voluptas amet suscipit. Doloribus dolores in inventore quibusdam odio architecto.,4.9,3.5,4.5,4.2,4.8,4.2
37,155,February 2020,Doloribus totam repudiandae est id quod. Accusantium autem voluptas odit eius. Inventore soluta voluptas dolorem totam neque. Quidem modi accusantium. Et vitae ut. Ut maiores sit velit dolor in saepe eligendi illum sunt.,3.8,4.8,3.8,3.6,3.4,4.3
66,178,May 2020,Quis debitis voluptatem non velit. Dolores omnis natus necessitatibus laudantium. Tempore minus dolor rerum praesentium minus nobis quidem voluptates. Minus voluptatem explicabo. Ea voluptate molestiae culpa a animi incidunt. Quas est deleniti asperiores eveniet magnam laborum quos.,3.0,3.9,3.6,3.6,4.6,3.9
149,5,April 2020,Officiis quis harum dolores. Nam sit iure qui ea quod qui. Totam beatae eligendi sit ducimus.,4.6,3.2,4.9,4.1,3.3,3.6
155,193,March 2020,At quia facere vitae qui aut sunt nisi eum. In id aut dolorem vero accusamus hic. Nihil maxime illo. Consequuntur odio occaecati earum et ut. Possimus modi voluptatem consequatur.,3.8,3.8,4.3,3.5,3.2,3.0
25,127, September 2019,Sunt non doloremque omnis. Perspiciatis sint aut nemo. Quia qui aliquam minima.,3.9,4.7,4.5,4.5,4.0,3.5
8,127,July 2019,Corrupti ipsum excepturi inventore. Nisi nemo soluta est exercitationem voluptas. Eum sit voluptatem repudiandae. Perspiciatis quaerat deleniti est nemo soluta rerum consequuntur. Aliquam voluptatum similique ut voluptatem inventore ipsum voluptatem consequatur ut. Accusantium voluptas facere.,4.6,5.0,3.2,3.4,3.5,4.0
147,119,March 2020,Ipsa eligendi autem quod. Quod harum ipsam eveniet et explicabo eum ut vitae sapiente. Impedit ex similique delectus ipsum sint dolorem autem perferendis. Recusandae voluptatem id.,3.6,5.0,4.3,3.8,3.3,3.7
150,159,July 2019,Cupiditate sed pariatur excepturi quam pariatur omnis doloremque fuga. Dignissimos quae dolore consequuntur enim molestiae temporibus rem aut. Ut nam consectetur porro consequatur reiciendis. Totam aliquid ratione eveniet iusto.,4.8,3.8,4.8,3.9,4.0,4.4
23,186,February 2020,Et consequatur qui facilis velit earum. Soluta sit voluptas porro omnis rerum sed minus.,3.6,3.8,4.4,4.5,3.6,3.7
65,23,June 2020,Nemo sint dolor modi qui et laborum omnis animi. Illum quas itaque. Vel et qui excepturi quo. Dolores atque doloribus nisi enim a aut quae deserunt sunt. Provident quo quo.,3.8,4.0,3.4,3.1,4.7,4.0
72,144,April 2020,Molestiae iure soluta animi. Enim modi quo culpa assumenda a eum amet provident in. Odit nesciunt aperiam ipsam. Magnam rerum sed sed consectetur optio optio quisquam magni laboriosam.,4.5,4.1,3.2,3.7,4.0,4.8
16,90,November 2019,Perferendis laboriosam eos non laborum in sit tenetur ducimus. Est sed ex consequatur dolorum quidem aut eaque qui. Incidunt enim non sunt est consequatur quaerat sapiente. Eum non quas placeat nam molestiae corrupti expedita aliquam adipisci. Enim voluptatem explicabo modi quae rerum.,4.8,4.9,3.8,3.2,4.5,4.0
188,150,October 2019,Sed ut repudiandae. Voluptas fugit sit aspernatur et vel deleniti explicabo et beatae. Alias consequatur modi rerum quo hic vitae. Ipsum quam nobis non et qui fugiat dignissimos quasi. Aut recusandae et sit excepturi qui alias iure sit debitis.,3.5,3.5,4.0,4.5,3.7,3.1
105,154,February 2020,Voluptatem recusandae ab sit sint placeat unde et dolores. Voluptatem suscipit officiis sint porro. Occaecati nobis rerum vel.,3.8,4.5,4.8,3.3,3.4,3.3
41,105,November 2019,Totam beatae tempora quo laboriosam. Voluptatem et facilis. Iste tempora facilis. Dolorem voluptates doloribus officiis qui id ea maxime.,4.4,3.5,3.7,3.4,3.0,5.0
46,12,December 2019,Id commodi pariatur qui velit aut. Eligendi officiis voluptas quis quia enim cumque quia culpa. Hic nam ut eveniet. A voluptatem sit et.,4.7,3.5,4.5,3.1,4.4,3.6
78,2,August 2019,Est fugiat accusamus nulla aut facere delectus. Numquam magnam quisquam reiciendis impedit ab. Occaecati voluptatibus consequatur.,3.1,3.4,4.7,4.8,3.6,3.4
27,53,August 2019,Ut in officiis est dicta ipsa enim. Fugiat rerum qui.,3.0,4.8,5.0,3.6,3.3,5.0
158,159, September 2019,Quia suscipit quibusdam cupiditate repudiandae unde id autem unde sapiente. Delectus ut est assumenda consectetur.,3.3,4.0,3.9,3.7,3.4,4.2
171,147,February 2020,Qui similique assumenda occaecati quam aliquam nam et et. Omnis deleniti dolores dolore voluptatem ipsam sed voluptas sequi ad.,4.4,3.4,4.1,3.9,4.7,3.9
168,91,October 2019,Magnam mollitia commodi eos laborum. Reprehenderit laborum ullam. Fuga dolorum possimus iste et debitis commodi blanditiis rerum. Magni laboriosam autem molestiae consectetur maxime velit voluptatibus non quis. Cum corrupti dolorem similique totam et voluptatem odit voluptatem. Eius quaerat exercitationem dolores voluptas quas.,4.2,3.1,4.9,4.0,3.5,4.4
161,61,October 2019,Perspiciatis ex nobis quos quis harum qui numquam beatae. Deleniti doloremque et non molestias numquam eveniet distinctio eum adipisci.,3.2,3.3,4.1,3.1,3.0,4.6
13,18,March 2020,Alias fugit architecto. Assumenda est dolorem eum.,3.1,5.0,4.6,4.7,4.8,3.7
19,1,May 2020,Id amet consectetur suscipit sint iusto ea. Enim aliquam temporibus totam eos et. Ipsam id sit autem voluptas et deleniti dolorum quaerat. Provident aspernatur id. Labore eius ut.,3.2,3.7,4.4,4.9,3.5,4.6
158,142, September 2019,Soluta ad eos sed minima libero velit. Nobis commodi asperiores quaerat consectetur provident eligendi laudantium voluptatum. Minus deserunt temporibus aut. Fugit temporibus porro sunt.,3.8,4.6,3.9,3.7,3.9,3.5
13,43,February 2020,Et deleniti quas. Sed quia assumenda labore odio animi. Perspiciatis quidem quia molestiae nihil natus sit. Veritatis quia ipsum cumque. Quia inventore odit ipsam dolorem.,4.9,3.6,3.4,4.2,4.8,3.2
175,148, September 2019,Qui similique repellat autem reiciendis libero. Repellendus at nemo enim et aut reiciendis numquam aut. Optio temporibus recusandae expedita. Repellat sint id corrupti est voluptatibus quia.,4.5,4.0,3.1,3.8,3.7,4.5
99,85,October 2019,Ab voluptatem ea delectus. Consequatur aut ducimus rem sapiente itaque.,4.4,4.1,3.0,3.2,4.6,3.7
64,136,April 2020,Voluptatem esse non commodi incidunt minima assumenda ut ipsa. Recusandae eaque sed accusamus quia aut mollitia dolorem qui. Eaque in sed quos aspernatur corrupti. Quisquam rerum cumque id autem commodi officia. Aspernatur repudiandae id quo veritatis quaerat. Sint et possimus.,3.4,4.1,4.9,3.4,3.4,3.1
17,115,February 2020,Consectetur neque autem vel eum qui. Porro assumenda aliquid harum ab assumenda. Distinctio ut et quia minima. Qui iusto sunt temporibus dolorem nesciunt quasi saepe aut. Ducimus amet repellat quo reiciendis porro quis dolore optio.,4.6,3.8,4.7,4.6,4.7,3.2
150,109,August 2019,Dolores at et. Velit deserunt dolores praesentium in dolor. Error itaque veritatis totam et excepturi. Rerum alias est. Dicta vel aut inventore aliquam non aut.,4.9,3.3,4.7,3.5,4.1,3.1
25,1,June 2020,Vitae ut ut molestias quis quaerat explicabo voluptatem deleniti. Est incidunt vel dolores quia voluptas ipsum. Consequuntur provident deleniti tempore voluptas non et cum expedita. Debitis totam necessitatibus cum sint ut debitis. Tempora similique enim aperiam corporis eius quo aut perspiciatis debitis. Numquam porro velit aliquam voluptate ullam magni.,4.2,3.5,4.8,4.5,3.1,4.4
123,49,February 2020,Eos assumenda deleniti quo veritatis iste qui praesentium incidunt ut. Sunt impedit minima corporis. Omnis quo eveniet quidem dolor et tempore numquam. Dignissimos architecto facilis et velit id commodi dolores voluptatum et. Provident aut distinctio totam ut rerum cupiditate aliquam quisquam similique. Enim et quas aut ipsum.,3.1,3.6,4.2,3.7,4.7,4.7
99,73,June 2020,Non adipisci fugit cum neque ipsa sunt omnis ut. Sed tempore reiciendis nesciunt repudiandae et repudiandae. Necessitatibus quo voluptatem veritatis vitae minima eius repellat recusandae aut. Officia voluptates inventore sequi et consequatur perspiciatis. Provident aliquam nam dolore omnis at inventore voluptas id nulla.,4.2,3.6,4.6,3.4,3.2,3.4
151,26,July 2019,Dolore ea ipsum sunt enim ex vel. Minima quia iste quibusdam est reiciendis iste. Et possimus tenetur consequuntur id aperiam sint. Et possimus consequuntur ut itaque nobis quaerat aut libero. Accusantium deleniti eum distinctio voluptatem architecto inventore quia recusandae. Pariatur illum voluptas vel atque nihil autem.,4.7,3.6,4.8,4.4,3.4,4.1
70,67,June 2020,Quae qui omnis nobis vero fugiat nulla vel. Non placeat est. Voluptatum beatae dolor consequuntur. Pariatur qui fugit ipsa exercitationem possimus. Quidem enim earum at numquam id omnis ut vel facilis. Aut velit optio dignissimos velit quos distinctio.,3.5,3.5,3.7,4.2,4.3,4.7
121,145,April 2020,Cumque nemo et porro quas cumque ut dolor. Nulla harum quia asperiores quibusdam beatae. Cupiditate ab assumenda non consequatur eum ad dolorem omnis. Officiis labore aliquam. Autem voluptas aut doloremque. Eaque facere esse et est dolore quo eius.,3.4,4.6,3.8,3.6,3.3,4.4
131,72,August 2019,Quas hic in qui aut dolor tempora possimus cupiditate magni. Ipsam eligendi voluptas omnis rem eius cupiditate et ab reprehenderit. Nobis reiciendis autem excepturi vero consequatur aut porro rerum quod. Quia nesciunt natus doloribus ratione rem enim quis eum. Iste minus tenetur fuga. Nostrum harum et odio.,4.5,4.0,3.6,3.9,4.3,4.4
141,197,October 2019,Enim fuga officia aliquid sed dicta. Vitae facilis dignissimos sequi adipisci. Reprehenderit cupiditate at vero voluptatem molestiae quaerat. Sint adipisci nam quia. Et architecto aspernatur id.,3.2,4.4,4.2,3.2,4.2,4.4
4,189,August 2019,Soluta non accusantium repellat cum numquam necessitatibus consectetur iure. Accusantium impedit laudantium dicta cumque distinctio velit aut. Vel consequatur voluptatibus et veritatis et nemo harum. Eum consectetur eveniet. Mollitia facilis dolor. Nostrum nam soluta asperiores et laudantium.,4.1,4.2,3.7,3.6,3.5,3.3
73,194,December 2019,Magni quo voluptatibus aut iusto autem iste aperiam quos. Sed id vitae excepturi. Ducimus eos ut quo. Ipsam doloremque dolores qui modi velit neque itaque. Earum cum et enim. Magni repudiandae velit a ut itaque ut et.,4.7,5.0,3.9,3.9,3.5,4.1
28,170,May 2020,Voluptatem culpa omnis perspiciatis dolores ea nulla aspernatur repudiandae. Et consequatur porro nihil nam laboriosam quia error. Voluptate consectetur autem rerum nemo. Sed fugit consectetur maxime est. Reiciendis eveniet reprehenderit iusto. Minus provident ipsa laborum placeat deleniti cum et.,4.0,4.2,4.1,3.1,3.2,4.9
108,90,August 2019,Veniam inventore sint temporibus qui odit qui debitis. Totam est quam cupiditate sit modi quia. Tempore et numquam pariatur eligendi ab non consequuntur ducimus non. Quis omnis sapiente voluptatem. Ut alias nobis dolorem sit vitae rerum est ut est.,4.3,4.9,4.1,4.5,3.8,3.4
186,152,December 2019,Corporis libero corporis et. Et impedit laudantium perferendis facilis dolorem quasi.,4.6,5.0,4.4,4.5,3.3,4.0
173,33,May 2020,Animi nesciunt mollitia asperiores sequi dolorem. Deleniti doloremque consequuntur. Ullam minima enim minus impedit praesentium et dicta quia nam. Quasi perferendis itaque soluta.,4.1,3.6,4.9,4.3,3.7,4.4
23,151,June 2020,Maiores omnis est fuga. Consectetur assumenda voluptate ea fugit ratione. Assumenda error repellendus sed qui est ab aliquam reiciendis qui. Ullam est distinctio.,4.8,4.7,4.1,4.1,4.9,3.8
58,36,December 2019,Sunt qui autem. Unde totam in dolor harum ut id ea possimus. Consequatur nisi est sed nam vel sint.,4.9,4.3,4.3,3.3,3.4,3.8
153,69,October 2019,Blanditiis repudiandae molestiae rerum ex voluptates possimus recusandae consequatur. Autem occaecati voluptatem consequatur facere consequuntur ab. In ut et labore asperiores soluta deserunt et quaerat ut.,3.4,3.4,5.0,3.6,3.4,4.3
80,83, September 2019,Eos dignissimos aut sunt tempore et velit. Sint sed distinctio similique at est aut vitae. Sed voluptatum animi necessitatibus similique ab quis nam labore fugiat.,3.3,3.5,3.9,4.9,3.3,4.2
173,23,November 2019,Vero sed suscipit sint. Sapiente voluptatem earum consequatur deleniti aperiam aspernatur commodi. Laudantium doloribus autem consequatur est omnis.,4.4,3.1,4.0,4.4,3.8,4.2
84,16, September 2019,Dolor sed quibusdam laudantium. Alias eos ea aut. Numquam quod enim libero doloribus cupiditate architecto distinctio. Illo aperiam et blanditiis iusto rerum sed.,3.2,4.2,5.0,4.3,3.6,4.5
